--
-- PostgreSQL database dump
--

-- Dumped from database version 17.3
-- Dumped by pg_dump version 17.3

-- Started on 2025-06-27 17:03:21

SET statement_timeout = 0;
SET lock_timeout = 0;
SET idle_in_transaction_session_timeout = 0;
SET transaction_timeout = 0;
SET client_encoding = 'UTF8';
SET standard_conforming_strings = on;
SELECT pg_catalog.set_config('search_path', '', false);
SET check_function_bodies = false;
SET xmloption = content;
SET client_min_messages = warning;
SET row_security = off;

SET default_tablespace = '';

SET default_table_access_method = heap;

--
-- TOC entry 244 (class 1259 OID 24904)
-- Name: tbl_air_system; Type: TABLE; Schema: public; Owner: postgres
--

CREATE TABLE public.tbl_air_system (
    air_system_id integer NOT NULL,
    air_system_name character varying(255),
    prize integer NOT NULL,
    quantity character varying(255),
    air_type_id integer,
    capacity_type integer,
    person_capacity_id integer,
    weight_id integer
);


ALTER TABLE public.tbl_air_system OWNER TO postgres;

--
-- TOC entry 243 (class 1259 OID 24903)
-- Name: tbl_air_system_air_system_id_seq; Type: SEQUENCE; Schema: public; Owner: postgres
--

ALTER TABLE public.tbl_air_system ALTER COLUMN air_system_id ADD GENERATED BY DEFAULT AS IDENTITY (
    SEQUENCE NAME public.tbl_air_system_air_system_id_seq
    START WITH 1
    INCREMENT BY 1
    NO MINVALUE
    NO MAXVALUE
    CACHE 1
);


--
-- TOC entry 242 (class 1259 OID 24869)
-- Name: tbl_air_type; Type: TABLE; Schema: public; Owner: postgres
--

CREATE TABLE public.tbl_air_type (
    id integer NOT NULL,
    name character varying(255),
    status boolean NOT NULL
);


ALTER TABLE public.tbl_air_type OWNER TO postgres;

--
-- TOC entry 241 (class 1259 OID 24868)
-- Name: tbl_air_type_id_seq; Type: SEQUENCE; Schema: public; Owner: postgres
--

ALTER TABLE public.tbl_air_type ALTER COLUMN id ADD GENERATED BY DEFAULT AS IDENTITY (
    SEQUENCE NAME public.tbl_air_type_id_seq
    START WITH 1
    INCREMENT BY 1
    NO MINVALUE
    NO MAXVALUE
    CACHE 1
);


--
-- TOC entry 254 (class 1259 OID 24990)
-- Name: tbl_ard; Type: TABLE; Schema: public; Owner: postgres
--

CREATE TABLE public.tbl_ard (
    id integer NOT NULL,
    ard_device character varying(255),
    prize integer NOT NULL,
    capacity_type integer,
    person_capacity_id integer,
    weight_id integer
);


ALTER TABLE public.tbl_ard OWNER TO postgres;

--
-- TOC entry 253 (class 1259 OID 24989)
-- Name: tbl_ard_id_seq; Type: SEQUENCE; Schema: public; Owner: postgres
--

ALTER TABLE public.tbl_ard ALTER COLUMN id ADD GENERATED BY DEFAULT AS IDENTITY (
    SEQUENCE NAME public.tbl_ard_id_seq
    START WITH 1
    INCREMENT BY 1
    NO MINVALUE
    NO MAXVALUE
    CACHE 1
);


--
-- TOC entry 258 (class 1259 OID 25017)
-- Name: tbl_bracket; Type: TABLE; Schema: public; Owner: postgres
--

CREATE TABLE public.tbl_bracket (
    id integer NOT NULL,
    floors character varying(255),
    name character varying(255),
    prize integer,
    bracket_type integer,
    floor_id integer
);


ALTER TABLE public.tbl_bracket OWNER TO postgres;

--
-- TOC entry 257 (class 1259 OID 25016)
-- Name: tbl_bracket_id_seq; Type: SEQUENCE; Schema: public; Owner: postgres
--

ALTER TABLE public.tbl_bracket ALTER COLUMN id ADD GENERATED BY DEFAULT AS IDENTITY (
    SEQUENCE NAME public.tbl_bracket_id_seq
    START WITH 1
    INCREMENT BY 1
    NO MINVALUE
    NO MAXVALUE
    CACHE 1
);


--
-- TOC entry 256 (class 1259 OID 25011)
-- Name: tbl_bracket_type; Type: TABLE; Schema: public; Owner: postgres
--

CREATE TABLE public.tbl_bracket_type (
    id integer NOT NULL,
    name character varying(255)
);


ALTER TABLE public.tbl_bracket_type OWNER TO postgres;

--
-- TOC entry 255 (class 1259 OID 25010)
-- Name: tbl_bracket_type_id_seq; Type: SEQUENCE; Schema: public; Owner: postgres
--

ALTER TABLE public.tbl_bracket_type ALTER COLUMN id ADD GENERATED BY DEFAULT AS IDENTITY (
    SEQUENCE NAME public.tbl_bracket_type_id_seq
    START WITH 1
    INCREMENT BY 1
    NO MINVALUE
    NO MAXVALUE
    CACHE 1
);


--
-- TOC entry 240 (class 1259 OID 24837)
-- Name: tbl_cabin_ceiling; Type: TABLE; Schema: public; Owner: postgres
--

CREATE TABLE public.tbl_cabin_ceiling (
    ceiling_id integer NOT NULL,
    ceiling_name character varying(255),
    prize integer NOT NULL
);


ALTER TABLE public.tbl_cabin_ceiling OWNER TO postgres;

--
-- TOC entry 239 (class 1259 OID 24836)
-- Name: tbl_cabin_ceiling_ceiling_id_seq; Type: SEQUENCE; Schema: public; Owner: postgres
--

ALTER TABLE public.tbl_cabin_ceiling ALTER COLUMN ceiling_id ADD GENERATED BY DEFAULT AS IDENTITY (
    SEQUENCE NAME public.tbl_cabin_ceiling_ceiling_id_seq
    START WITH 1
    INCREMENT BY 1
    NO MINVALUE
    NO MAXVALUE
    CACHE 1
);


--
-- TOC entry 238 (class 1259 OID 24831)
-- Name: tbl_cabin_flooring; Type: TABLE; Schema: public; Owner: postgres
--

CREATE TABLE public.tbl_cabin_flooring (
    flooring_id integer NOT NULL,
    flooring_name character varying(255),
    prize integer NOT NULL
);


ALTER TABLE public.tbl_cabin_flooring OWNER TO postgres;

--
-- TOC entry 237 (class 1259 OID 24830)
-- Name: tbl_cabin_flooring_flooring_id_seq; Type: SEQUENCE; Schema: public; Owner: postgres
--

ALTER TABLE public.tbl_cabin_flooring ALTER COLUMN flooring_id ADD GENERATED BY DEFAULT AS IDENTITY (
    SEQUENCE NAME public.tbl_cabin_flooring_flooring_id_seq
    START WITH 1
    INCREMENT BY 1
    NO MINVALUE
    NO MAXVALUE
    CACHE 1
);


--
-- TOC entry 236 (class 1259 OID 24799)
-- Name: tbl_cabin_subtype; Type: TABLE; Schema: public; Owner: postgres
--

CREATE TABLE public.tbl_cabin_subtype (
    id integer NOT NULL,
    cabin_sub_name character varying(255),
    prize integer,
    cabin_name integer,
    capacity_type integer,
    person_capacity_id integer,
    weight_id integer
);


ALTER TABLE public.tbl_cabin_subtype OWNER TO postgres;

--
-- TOC entry 235 (class 1259 OID 24798)
-- Name: tbl_cabin_subtype_id_seq; Type: SEQUENCE; Schema: public; Owner: postgres
--

ALTER TABLE public.tbl_cabin_subtype ALTER COLUMN id ADD GENERATED BY DEFAULT AS IDENTITY (
    SEQUENCE NAME public.tbl_cabin_subtype_id_seq
    START WITH 1
    INCREMENT BY 1
    NO MINVALUE
    NO MAXVALUE
    CACHE 1
);


--
-- TOC entry 232 (class 1259 OID 24745)
-- Name: tbl_cabin_type; Type: TABLE; Schema: public; Owner: postgres
--

CREATE TABLE public.tbl_cabin_type (
    id integer NOT NULL,
    cabin_type character varying(255)
);


ALTER TABLE public.tbl_cabin_type OWNER TO postgres;

--
-- TOC entry 231 (class 1259 OID 24744)
-- Name: tbl_cabin_type_id_seq; Type: SEQUENCE; Schema: public; Owner: postgres
--

ALTER TABLE public.tbl_cabin_type ALTER COLUMN id ADD GENERATED BY DEFAULT AS IDENTITY (
    SEQUENCE NAME public.tbl_cabin_type_id_seq
    START WITH 1
    INCREMENT BY 1
    NO MINVALUE
    NO MAXVALUE
    CACHE 1
);


--
-- TOC entry 230 (class 1259 OID 24725)
-- Name: tbl_capacity_type; Type: TABLE; Schema: public; Owner: postgres
--

CREATE TABLE public.tbl_capacity_type (
    id integer NOT NULL,
    capacity_type character varying(255),
    table_name character varying(255)
);


ALTER TABLE public.tbl_capacity_type OWNER TO postgres;

--
-- TOC entry 229 (class 1259 OID 24724)
-- Name: tbl_capacity_type_id_seq; Type: SEQUENCE; Schema: public; Owner: postgres
--

ALTER TABLE public.tbl_capacity_type ALTER COLUMN id ADD GENERATED BY DEFAULT AS IDENTITY (
    SEQUENCE NAME public.tbl_capacity_type_id_seq
    START WITH 1
    INCREMENT BY 1
    NO MINVALUE
    NO MAXVALUE
    CACHE 1
);


--
-- TOC entry 226 (class 1259 OID 24670)
-- Name: tbl_car_door_subtype; Type: TABLE; Schema: public; Owner: postgres
--

CREATE TABLE public.tbl_car_door_subtype (
    id integer NOT NULL,
    car_door_subtype character varying(255),
    prize integer NOT NULL,
    size integer NOT NULL,
    car_door_type integer,
    operator_type integer
);


ALTER TABLE public.tbl_car_door_subtype OWNER TO postgres;

--
-- TOC entry 225 (class 1259 OID 24669)
-- Name: tbl_car_door_subtype_id_seq; Type: SEQUENCE; Schema: public; Owner: postgres
--

ALTER TABLE public.tbl_car_door_subtype ALTER COLUMN id ADD GENERATED BY DEFAULT AS IDENTITY (
    SEQUENCE NAME public.tbl_car_door_subtype_id_seq
    START WITH 1
    INCREMENT BY 1
    NO MINVALUE
    NO MAXVALUE
    CACHE 1
);


--
-- TOC entry 224 (class 1259 OID 24659)
-- Name: tbl_car_door_type; Type: TABLE; Schema: public; Owner: postgres
--

CREATE TABLE public.tbl_car_door_type (
    car_door_id integer NOT NULL,
    car_door_type character varying(255),
    operator_type integer
);


ALTER TABLE public.tbl_car_door_type OWNER TO postgres;

--
-- TOC entry 223 (class 1259 OID 24658)
-- Name: tbl_car_door_type_car_door_id_seq; Type: SEQUENCE; Schema: public; Owner: postgres
--

ALTER TABLE public.tbl_car_door_type ALTER COLUMN car_door_id ADD GENERATED BY DEFAULT AS IDENTITY (
    SEQUENCE NAME public.tbl_car_door_type_car_door_id_seq
    START WITH 1
    INCREMENT BY 1
    NO MINVALUE
    NO MAXVALUE
    CACHE 1
);


--
-- TOC entry 282 (class 1259 OID 25240)
-- Name: tbl_control_panel_type; Type: TABLE; Schema: public; Owner: postgres
--

CREATE TABLE public.tbl_control_panel_type (
    id integer NOT NULL,
    control_panel_type character varying(255) NOT NULL,
    capacity_type integer NOT NULL,
    material_type integer NOT NULL,
    operator_type integer NOT NULL,
    person_capacity_id integer,
    weight_id integer
);


ALTER TABLE public.tbl_control_panel_type OWNER TO postgres;

--
-- TOC entry 281 (class 1259 OID 25239)
-- Name: tbl_control_panel_type_id_seq; Type: SEQUENCE; Schema: public; Owner: postgres
--

ALTER TABLE public.tbl_control_panel_type ALTER COLUMN id ADD GENERATED BY DEFAULT AS IDENTITY (
    SEQUENCE NAME public.tbl_control_panel_type_id_seq
    START WITH 1
    INCREMENT BY 1
    NO MINVALUE
    NO MAXVALUE
    CACHE 1
);


--
-- TOC entry 268 (class 1259 OID 25106)
-- Name: tbl_cop; Type: TABLE; Schema: public; Owner: postgres
--

CREATE TABLE public.tbl_cop (
    id integer NOT NULL,
    cop_name character varying(255) NOT NULL,
    cop_type character varying(255),
    prize integer,
    floors integer NOT NULL,
    operator_type integer NOT NULL
);


ALTER TABLE public.tbl_cop OWNER TO postgres;

--
-- TOC entry 267 (class 1259 OID 25105)
-- Name: tbl_cop_id_seq; Type: SEQUENCE; Schema: public; Owner: postgres
--

ALTER TABLE public.tbl_cop ALTER COLUMN id ADD GENERATED BY DEFAULT AS IDENTITY (
    SEQUENCE NAME public.tbl_cop_id_seq
    START WITH 1
    INCREMENT BY 1
    NO MINVALUE
    NO MAXVALUE
    CACHE 1
);


--
-- TOC entry 278 (class 1259 OID 25183)
-- Name: tbl_counter_frame; Type: TABLE; Schema: public; Owner: postgres
--

CREATE TABLE public.tbl_counter_frame (
    id integer NOT NULL,
    counter_frame_name character varying(255) NOT NULL,
    prize integer NOT NULL,
    capacity_type integer NOT NULL,
    counter_frame_type integer NOT NULL,
    operator_type integer NOT NULL,
    person_capacity_id integer,
    weight_id integer,
    CONSTRAINT tbl_counter_frame_prize_check CHECK ((prize >= 1))
);


ALTER TABLE public.tbl_counter_frame OWNER TO postgres;

--
-- TOC entry 277 (class 1259 OID 25182)
-- Name: tbl_counter_frame_id_seq; Type: SEQUENCE; Schema: public; Owner: postgres
--

ALTER TABLE public.tbl_counter_frame ALTER COLUMN id ADD GENERATED BY DEFAULT AS IDENTITY (
    SEQUENCE NAME public.tbl_counter_frame_id_seq
    START WITH 1
    INCREMENT BY 1
    NO MINVALUE
    NO MAXVALUE
    CACHE 1
);


--
-- TOC entry 272 (class 1259 OID 25136)
-- Name: tbl_counter_frame_type; Type: TABLE; Schema: public; Owner: postgres
--

CREATE TABLE public.tbl_counter_frame_type (
    id integer NOT NULL,
    frame_type_name character varying(255) NOT NULL
);


ALTER TABLE public.tbl_counter_frame_type OWNER TO postgres;

--
-- TOC entry 271 (class 1259 OID 25135)
-- Name: tbl_counter_frame_type_id_seq; Type: SEQUENCE; Schema: public; Owner: postgres
--

ALTER TABLE public.tbl_counter_frame_type ALTER COLUMN id ADD GENERATED BY DEFAULT AS IDENTITY (
    SEQUENCE NAME public.tbl_counter_frame_type_id_seq
    START WITH 1
    INCREMENT BY 1
    NO MINVALUE
    NO MAXVALUE
    CACHE 1
);


--
-- TOC entry 274 (class 1259 OID 25142)
-- Name: tbl_counter_weight; Type: TABLE; Schema: public; Owner: postgres
--

CREATE TABLE public.tbl_counter_weight (
    id integer NOT NULL,
    counter_frame_name character varying(255),
    prize integer NOT NULL,
    counter_frame_type integer,
    floors integer NOT NULL,
    CONSTRAINT tbl_counter_weight_prize_check CHECK ((prize >= 1))
);


ALTER TABLE public.tbl_counter_weight OWNER TO postgres;

--
-- TOC entry 284 (class 1259 OID 25271)
-- Name: tbl_counter_weight_hydraulic; Type: TABLE; Schema: public; Owner: postgres
--

CREATE TABLE public.tbl_counter_weight_hydraulic (
    id integer NOT NULL,
    counter_frame_name character varying(255) NOT NULL,
    prize integer NOT NULL,
    counter_frame_type integer NOT NULL,
    floors integer NOT NULL,
    CONSTRAINT tbl_counter_weight_hydraulic_prize_check CHECK ((prize >= 1))
);


ALTER TABLE public.tbl_counter_weight_hydraulic OWNER TO postgres;

--
-- TOC entry 283 (class 1259 OID 25270)
-- Name: tbl_counter_weight_hydraulic_id_seq; Type: SEQUENCE; Schema: public; Owner: postgres
--

ALTER TABLE public.tbl_counter_weight_hydraulic ALTER COLUMN id ADD GENERATED BY DEFAULT AS IDENTITY (
    SEQUENCE NAME public.tbl_counter_weight_hydraulic_id_seq
    START WITH 1
    INCREMENT BY 1
    NO MINVALUE
    NO MAXVALUE
    CACHE 1
);


--
-- TOC entry 273 (class 1259 OID 25141)
-- Name: tbl_counter_weight_id_seq; Type: SEQUENCE; Schema: public; Owner: postgres
--

ALTER TABLE public.tbl_counter_weight ALTER COLUMN id ADD GENERATED BY DEFAULT AS IDENTITY (
    SEQUENCE NAME public.tbl_counter_weight_id_seq
    START WITH 1
    INCREMENT BY 1
    NO MINVALUE
    NO MAXVALUE
    CACHE 1
);


--
-- TOC entry 250 (class 1259 OID 24944)
-- Name: tbl_floor; Type: TABLE; Schema: public; Owner: postgres
--

CREATE TABLE public.tbl_floor (
    id integer NOT NULL,
    name character varying(255)
);


ALTER TABLE public.tbl_floor OWNER TO postgres;

--
-- TOC entry 249 (class 1259 OID 24943)
-- Name: tbl_floor_id_seq; Type: SEQUENCE; Schema: public; Owner: postgres
--

ALTER TABLE public.tbl_floor ALTER COLUMN id ADD GENERATED BY DEFAULT AS IDENTITY (
    SEQUENCE NAME public.tbl_floor_id_seq
    START WITH 1
    INCREMENT BY 1
    NO MINVALUE
    NO MAXVALUE
    CACHE 1
);


--
-- TOC entry 260 (class 1259 OID 25035)
-- Name: tbl_governor_rope; Type: TABLE; Schema: public; Owner: postgres
--

CREATE TABLE public.tbl_governor_rope (
    id integer NOT NULL,
    governor_name character varying(255),
    prize integer,
    quantity character varying(255),
    floor_id integer
);


ALTER TABLE public.tbl_governor_rope OWNER TO postgres;

--
-- TOC entry 259 (class 1259 OID 25034)
-- Name: tbl_governor_rope_id_seq; Type: SEQUENCE; Schema: public; Owner: postgres
--

ALTER TABLE public.tbl_governor_rope ALTER COLUMN id ADD GENERATED BY DEFAULT AS IDENTITY (
    SEQUENCE NAME public.tbl_governor_rope_id_seq
    START WITH 1
    INCREMENT BY 1
    NO MINVALUE
    NO MAXVALUE
    CACHE 1
);


--
-- TOC entry 252 (class 1259 OID 24979)
-- Name: tbl_harness; Type: TABLE; Schema: public; Owner: postgres
--

CREATE TABLE public.tbl_harness (
    harness_id integer NOT NULL,
    harness_name character varying(255),
    harness_prize integer,
    floors integer
);


ALTER TABLE public.tbl_harness OWNER TO postgres;

--
-- TOC entry 251 (class 1259 OID 24978)
-- Name: tbl_harness_harness_id_seq; Type: SEQUENCE; Schema: public; Owner: postgres
--

ALTER TABLE public.tbl_harness ALTER COLUMN harness_id ADD GENERATED BY DEFAULT AS IDENTITY (
    SEQUENCE NAME public.tbl_harness_harness_id_seq
    START WITH 1
    INCREMENT BY 1
    NO MINVALUE
    NO MAXVALUE
    CACHE 1
);


--
-- TOC entry 222 (class 1259 OID 24632)
-- Name: tbl_landing_door_subtype; Type: TABLE; Schema: public; Owner: postgres
--

CREATE TABLE public.tbl_landing_door_subtype (
    id integer NOT NULL,
    name character varying(255),
    prize integer NOT NULL,
    size integer NOT NULL,
    main_door_type integer,
    operator_type integer
);


ALTER TABLE public.tbl_landing_door_subtype OWNER TO postgres;

--
-- TOC entry 221 (class 1259 OID 24631)
-- Name: tbl_landing_door_subtype_id_seq; Type: SEQUENCE; Schema: public; Owner: postgres
--

ALTER TABLE public.tbl_landing_door_subtype ALTER COLUMN id ADD GENERATED BY DEFAULT AS IDENTITY (
    SEQUENCE NAME public.tbl_landing_door_subtype_id_seq
    START WITH 1
    INCREMENT BY 1
    NO MINVALUE
    NO MAXVALUE
    CACHE 1
);


--
-- TOC entry 220 (class 1259 OID 24621)
-- Name: tbl_landing_door_type; Type: TABLE; Schema: public; Owner: postgres
--

CREATE TABLE public.tbl_landing_door_type (
    door_type_id integer NOT NULL,
    door_type character varying(255),
    operator_type integer
);


ALTER TABLE public.tbl_landing_door_type OWNER TO postgres;

--
-- TOC entry 219 (class 1259 OID 24620)
-- Name: tbl_landing_door_type_door_type_id_seq; Type: SEQUENCE; Schema: public; Owner: postgres
--

ALTER TABLE public.tbl_landing_door_type ALTER COLUMN door_type_id ADD GENERATED BY DEFAULT AS IDENTITY (
    SEQUENCE NAME public.tbl_landing_door_type_door_type_id_seq
    START WITH 1
    INCREMENT BY 1
    NO MINVALUE
    NO MAXVALUE
    CACHE 1
);


--
-- TOC entry 262 (class 1259 OID 25048)
-- Name: tbl_lop; Type: TABLE; Schema: public; Owner: postgres
--

CREATE TABLE public.tbl_lop (
    id integer NOT NULL,
    lop_name character varying(255) NOT NULL,
    prize integer NOT NULL,
    floors integer NOT NULL,
    lop_type integer NOT NULL,
    CONSTRAINT tbl_lop_prize_check CHECK ((prize >= 1))
);


ALTER TABLE public.tbl_lop OWNER TO postgres;

--
-- TOC entry 261 (class 1259 OID 25047)
-- Name: tbl_lop_id_seq; Type: SEQUENCE; Schema: public; Owner: postgres
--

ALTER TABLE public.tbl_lop ALTER COLUMN id ADD GENERATED BY DEFAULT AS IDENTITY (
    SEQUENCE NAME public.tbl_lop_id_seq
    START WITH 1
    INCREMENT BY 1
    NO MINVALUE
    NO MAXVALUE
    CACHE 1
);


--
-- TOC entry 264 (class 1259 OID 25055)
-- Name: tbl_lop_main; Type: TABLE; Schema: public; Owner: postgres
--

CREATE TABLE public.tbl_lop_main (
    id integer NOT NULL,
    lop_name character varying(255) NOT NULL,
    operator_type integer NOT NULL
);


ALTER TABLE public.tbl_lop_main OWNER TO postgres;

--
-- TOC entry 263 (class 1259 OID 25054)
-- Name: tbl_lop_main_id_seq; Type: SEQUENCE; Schema: public; Owner: postgres
--

ALTER TABLE public.tbl_lop_main ALTER COLUMN id ADD GENERATED BY DEFAULT AS IDENTITY (
    SEQUENCE NAME public.tbl_lop_main_id_seq
    START WITH 1
    INCREMENT BY 1
    NO MINVALUE
    NO MAXVALUE
    CACHE 1
);


--
-- TOC entry 246 (class 1259 OID 24932)
-- Name: tbl_machine_room; Type: TABLE; Schema: public; Owner: postgres
--

CREATE TABLE public.tbl_machine_room (
    machine_room_id integer NOT NULL,
    machine_room_name character varying(255)
);


ALTER TABLE public.tbl_machine_room OWNER TO postgres;

--
-- TOC entry 245 (class 1259 OID 24931)
-- Name: tbl_machine_room_machine_room_id_seq; Type: SEQUENCE; Schema: public; Owner: postgres
--

ALTER TABLE public.tbl_machine_room ALTER COLUMN machine_room_id ADD GENERATED BY DEFAULT AS IDENTITY (
    SEQUENCE NAME public.tbl_machine_room_machine_room_id_seq
    START WITH 1
    INCREMENT BY 1
    NO MINVALUE
    NO MAXVALUE
    CACHE 1
);


--
-- TOC entry 276 (class 1259 OID 25159)
-- Name: tbl_new_counter_weight; Type: TABLE; Schema: public; Owner: postgres
--

CREATE TABLE public.tbl_new_counter_weight (
    id integer NOT NULL,
    new_counter_weight_name character varying(255) NOT NULL,
    prize integer NOT NULL,
    quantity character varying(255) NOT NULL,
    capacity_type integer NOT NULL,
    person_capacity_id integer,
    weight_id integer,
    CONSTRAINT tbl_new_counter_weight_prize_check CHECK ((prize >= 1))
);


ALTER TABLE public.tbl_new_counter_weight OWNER TO postgres;

--
-- TOC entry 275 (class 1259 OID 25158)
-- Name: tbl_new_counter_weight_id_seq; Type: SEQUENCE; Schema: public; Owner: postgres
--

ALTER TABLE public.tbl_new_counter_weight ALTER COLUMN id ADD GENERATED BY DEFAULT AS IDENTITY (
    SEQUENCE NAME public.tbl_new_counter_weight_id_seq
    START WITH 1
    INCREMENT BY 1
    NO MINVALUE
    NO MAXVALUE
    CACHE 1
);


--
-- TOC entry 218 (class 1259 OID 24615)
-- Name: tbl_operator_elevator; Type: TABLE; Schema: public; Owner: postgres
--

CREATE TABLE public.tbl_operator_elevator (
    id integer NOT NULL,
    name character varying(255)
);


ALTER TABLE public.tbl_operator_elevator OWNER TO postgres;

--
-- TOC entry 217 (class 1259 OID 24614)
-- Name: tbl_operator_elevator_id_seq; Type: SEQUENCE; Schema: public; Owner: postgres
--

ALTER TABLE public.tbl_operator_elevator ALTER COLUMN id ADD GENERATED BY DEFAULT AS IDENTITY (
    SEQUENCE NAME public.tbl_operator_elevator_id_seq
    START WITH 1
    INCREMENT BY 1
    NO MINVALUE
    NO MAXVALUE
    CACHE 1
);


--
-- TOC entry 266 (class 1259 OID 25077)
-- Name: tbl_other_material; Type: TABLE; Schema: public; Owner: postgres
--

CREATE TABLE public.tbl_other_material (
    id integer NOT NULL,
    material_type character varying(255) NOT NULL,
    prize integer NOT NULL,
    quantity character varying(255) NOT NULL,
    floors integer,
    machine_room_id integer,
    operator_type integer NOT NULL,
    person_capacity_id integer,
    CONSTRAINT tbl_other_material_prize_check CHECK ((prize >= 1))
);


ALTER TABLE public.tbl_other_material OWNER TO postgres;

--
-- TOC entry 265 (class 1259 OID 25076)
-- Name: tbl_other_material_id_seq; Type: SEQUENCE; Schema: public; Owner: postgres
--

ALTER TABLE public.tbl_other_material ALTER COLUMN id ADD GENERATED BY DEFAULT AS IDENTITY (
    SEQUENCE NAME public.tbl_other_material_id_seq
    START WITH 1
    INCREMENT BY 1
    NO MINVALUE
    NO MAXVALUE
    CACHE 1
);


--
-- TOC entry 234 (class 1259 OID 24760)
-- Name: tbl_person_capacity; Type: TABLE; Schema: public; Owner: postgres
--

CREATE TABLE public.tbl_person_capacity (
    id integer NOT NULL,
    person_count integer NOT NULL,
    text character varying(255),
    unit character varying(255),
    weight integer NOT NULL
);


ALTER TABLE public.tbl_person_capacity OWNER TO postgres;

--
-- TOC entry 233 (class 1259 OID 24759)
-- Name: tbl_person_capacity_id_seq; Type: SEQUENCE; Schema: public; Owner: postgres
--

ALTER TABLE public.tbl_person_capacity ALTER COLUMN id ADD GENERATED BY DEFAULT AS IDENTITY (
    SEQUENCE NAME public.tbl_person_capacity_id_seq
    START WITH 1
    INCREMENT BY 1
    NO MINVALUE
    NO MAXVALUE
    CACHE 1
);


--
-- TOC entry 248 (class 1259 OID 24938)
-- Name: tbl_type_of_lift; Type: TABLE; Schema: public; Owner: postgres
--

CREATE TABLE public.tbl_type_of_lift (
    lift_type_id integer NOT NULL,
    lift_type_name character varying(255) NOT NULL
);


ALTER TABLE public.tbl_type_of_lift OWNER TO postgres;

--
-- TOC entry 247 (class 1259 OID 24937)
-- Name: tbl_type_of_lift_lift_type_id_seq; Type: SEQUENCE; Schema: public; Owner: postgres
--

ALTER TABLE public.tbl_type_of_lift ALTER COLUMN lift_type_id ADD GENERATED BY DEFAULT AS IDENTITY (
    SEQUENCE NAME public.tbl_type_of_lift_lift_type_id_seq
    START WITH 1
    INCREMENT BY 1
    NO MINVALUE
    NO MAXVALUE
    CACHE 1
);


--
-- TOC entry 228 (class 1259 OID 24717)
-- Name: tbl_weight; Type: TABLE; Schema: public; Owner: postgres
--

CREATE TABLE public.tbl_weight (
    id integer NOT NULL,
    unit character varying(255),
    weight_value integer NOT NULL
);


ALTER TABLE public.tbl_weight OWNER TO postgres;

--
-- TOC entry 227 (class 1259 OID 24716)
-- Name: tbl_weight_id_seq; Type: SEQUENCE; Schema: public; Owner: postgres
--

ALTER TABLE public.tbl_weight ALTER COLUMN id ADD GENERATED BY DEFAULT AS IDENTITY (
    SEQUENCE NAME public.tbl_weight_id_seq
    START WITH 1
    INCREMENT BY 1
    NO MINVALUE
    NO MAXVALUE
    CACHE 1
);


--
-- TOC entry 280 (class 1259 OID 25216)
-- Name: tbl_wire_rope; Type: TABLE; Schema: public; Owner: postgres
--

CREATE TABLE public.tbl_wire_rope (
    id integer NOT NULL,
    prize integer NOT NULL,
    wire_rop_name character varying(255) NOT NULL,
    wire_rope_qty character varying(255) NOT NULL,
    floors integer,
    operator_type integer,
    wire_rop_type integer,
    CONSTRAINT tbl_wire_rope_prize_check CHECK ((prize >= 1))
);


ALTER TABLE public.tbl_wire_rope OWNER TO postgres;

--
-- TOC entry 279 (class 1259 OID 25215)
-- Name: tbl_wire_rope_id_seq; Type: SEQUENCE; Schema: public; Owner: postgres
--

ALTER TABLE public.tbl_wire_rope ALTER COLUMN id ADD GENERATED BY DEFAULT AS IDENTITY (
    SEQUENCE NAME public.tbl_wire_rope_id_seq
    START WITH 1
    INCREMENT BY 1
    NO MINVALUE
    NO MAXVALUE
    CACHE 1
);


--
-- TOC entry 270 (class 1259 OID 25124)
-- Name: tbl_wire_rope_main; Type: TABLE; Schema: public; Owner: postgres
--

CREATE TABLE public.tbl_wire_rope_main (
    id integer NOT NULL,
    prize integer NOT NULL,
    wire_rope_type character varying(255) NOT NULL,
    lift_type integer NOT NULL,
    CONSTRAINT tbl_wire_rope_main_prize_check CHECK ((prize >= 1))
);


ALTER TABLE public.tbl_wire_rope_main OWNER TO postgres;

--
-- TOC entry 269 (class 1259 OID 25123)
-- Name: tbl_wire_rope_main_id_seq; Type: SEQUENCE; Schema: public; Owner: postgres
--

ALTER TABLE public.tbl_wire_rope_main ALTER COLUMN id ADD GENERATED BY DEFAULT AS IDENTITY (
    SEQUENCE NAME public.tbl_wire_rope_main_id_seq
    START WITH 1
    INCREMENT BY 1
    NO MINVALUE
    NO MAXVALUE
    CACHE 1
);


--
-- TOC entry 5159 (class 0 OID 24904)
-- Dependencies: 244
-- Data for Name: tbl_air_system; Type: TABLE DATA; Schema: public; Owner: postgres
--

COPY public.tbl_air_system (air_system_id, air_system_name, prize, quantity, air_type_id, capacity_type, person_capacity_id, weight_id) FROM stdin;
1	FAN System	5000	2 units	1	1	1	\N
4	BLOWER System	7000	3 units	2	2	\N	1
2	FAN System	7000	3 units	1	2	\N	1
3	BLOWER System	5000	2 units	2	1	1	\N
\.


--
-- TOC entry 5157 (class 0 OID 24869)
-- Dependencies: 242
-- Data for Name: tbl_air_type; Type: TABLE DATA; Schema: public; Owner: postgres
--

COPY public.tbl_air_type (id, name, status) FROM stdin;
2	BLOWER	t
1	FAN	t
\.


--
-- TOC entry 5169 (class 0 OID 24990)
-- Dependencies: 254
-- Data for Name: tbl_ard; Type: TABLE DATA; Schema: public; Owner: postgres
--

COPY public.tbl_ard (id, ard_device, prize, capacity_type, person_capacity_id, weight_id) FROM stdin;
1	ARD SYSTEM FOR 4 PASSENGER 5 HP..	16000	1	2	\N
2	ARD Device B	7000	2	\N	1
\.


--
-- TOC entry 5173 (class 0 OID 25017)
-- Dependencies: 258
-- Data for Name: tbl_bracket; Type: TABLE DATA; Schema: public; Owner: postgres
--

COPY public.tbl_bracket (id, floors, name, prize, bracket_type, floor_id) FROM stdin;
1	\N	CAR BRACKET & COUNTER WEIGHT BRACKET PAIR(GP BRACKET) G+1	500	2	1
2	\N	CAR BRACKET & COUNTER WEIGHT BRACKET PAIR(GP BRACKET) G+1	500	2	1
\.


--
-- TOC entry 5171 (class 0 OID 25011)
-- Dependencies: 256
-- Data for Name: tbl_bracket_type; Type: TABLE DATA; Schema: public; Owner: postgres
--

COPY public.tbl_bracket_type (id, name) FROM stdin;
1	GP BRACKET
2	COMBINATION BRACKET
3	
4	
5	
\.


--
-- TOC entry 5155 (class 0 OID 24837)
-- Dependencies: 240
-- Data for Name: tbl_cabin_ceiling; Type: TABLE DATA; Schema: public; Owner: postgres
--

COPY public.tbl_cabin_ceiling (ceiling_id, ceiling_name, prize) FROM stdin;
1	Standard False Ceiling	3000
2	Designer False Ceiling	5000
\.


--
-- TOC entry 5153 (class 0 OID 24831)
-- Dependencies: 238
-- Data for Name: tbl_cabin_flooring; Type: TABLE DATA; Schema: public; Owner: postgres
--

COPY public.tbl_cabin_flooring (flooring_id, flooring_name, prize) FROM stdin;
2	Grenite Flooring	3000
1	Vinyl Flooring Update	2000
\.


--
-- TOC entry 5151 (class 0 OID 24799)
-- Dependencies: 236
-- Data for Name: tbl_cabin_subtype; Type: TABLE DATA; Schema: public; Owner: postgres
--

COPY public.tbl_cabin_subtype (id, cabin_sub_name, prize, cabin_name, capacity_type, person_capacity_id, weight_id) FROM stdin;
2	CABIN M.S POWDER COATED REGULAR 4 PASSANGER IN KG	24000	1	2	\N	1
1	CABIN M.S POWDER COATED REGULAR 4 PASSANGER IN PERSONS	24000	1	1	1	\N
\.


--
-- TOC entry 5147 (class 0 OID 24745)
-- Dependencies: 232
-- Data for Name: tbl_cabin_type; Type: TABLE DATA; Schema: public; Owner: postgres
--

COPY public.tbl_cabin_type (id, cabin_type) FROM stdin;
1	CABIN M.S POWDER COATED REGULAR
\.


--
-- TOC entry 5145 (class 0 OID 24725)
-- Dependencies: 230
-- Data for Name: tbl_capacity_type; Type: TABLE DATA; Schema: public; Owner: postgres
--

COPY public.tbl_capacity_type (id, capacity_type, table_name) FROM stdin;
1	Person	tbl_person_capacity
2	Kg	tbl_weight
3	\N	\N
4	Kg1	tbl_weight1
\.


--
-- TOC entry 5141 (class 0 OID 24670)
-- Dependencies: 226
-- Data for Name: tbl_car_door_subtype; Type: TABLE DATA; Schema: public; Owner: postgres
--

COPY public.tbl_car_door_subtype (id, car_door_subtype, prize, size, car_door_type, operator_type) FROM stdin;
2	IMPERFORATE MANUAL CABIN DOOR 700 CLEAR OPENING	5800	700	2	2
\.


--
-- TOC entry 5139 (class 0 OID 24659)
-- Dependencies: 224
-- Data for Name: tbl_car_door_type; Type: TABLE DATA; Schema: public; Owner: postgres
--

COPY public.tbl_car_door_type (car_door_id, car_door_type, operator_type) FROM stdin;
2	Updated MANUAL TELESCOPIC M.S FINISH DOOR	2
\.


--
-- TOC entry 5197 (class 0 OID 25240)
-- Dependencies: 282
-- Data for Name: tbl_control_panel_type; Type: TABLE DATA; Schema: public; Owner: postgres
--

COPY public.tbl_control_panel_type (id, control_panel_type, capacity_type, material_type, operator_type, person_capacity_id, weight_id) FROM stdin;
2	CP WITH FULL DUPLEX & DISPLAY	1	2	2	1	\N
3	CP WITH FULL DUPLEX & DISPLAY	1	2	2	1	\N
\.


--
-- TOC entry 5183 (class 0 OID 25106)
-- Dependencies: 268
-- Data for Name: tbl_cop; Type: TABLE DATA; Schema: public; Owner: postgres
--

COPY public.tbl_cop (id, cop_name, cop_type, prize, floors, operator_type) FROM stdin;
1	C.O.P WITH INDIAN SWITCH WITH SURFACE MOUNTED S.S.HAIRLINE FOR MANUAL LIFT....	Touch Screen	5000	2	2
\.


--
-- TOC entry 5193 (class 0 OID 25183)
-- Dependencies: 278
-- Data for Name: tbl_counter_frame; Type: TABLE DATA; Schema: public; Owner: postgres
--

COPY public.tbl_counter_frame (id, counter_frame_name, prize, capacity_type, counter_frame_type, operator_type, person_capacity_id, weight_id) FROM stdin;
3	CAR & COUNTER WEIGHT FRAME SET GEARED 1ST 1 STANDARD ROPING 4 PASANGER	500	2	1	2	\N	1
2	CAR & COUNTER WEIGHT FRAME SET GEARED 1ST 1 STANDARD ROPING 8 PASANGER	500	2	1	2	\N	2
\.


--
-- TOC entry 5187 (class 0 OID 25136)
-- Dependencies: 272
-- Data for Name: tbl_counter_frame_type; Type: TABLE DATA; Schema: public; Owner: postgres
--

COPY public.tbl_counter_frame_type (id, frame_type_name) FROM stdin;
2	2:1
1	1:1
\.


--
-- TOC entry 5189 (class 0 OID 25142)
-- Dependencies: 274
-- Data for Name: tbl_counter_weight; Type: TABLE DATA; Schema: public; Owner: postgres
--

COPY public.tbl_counter_weight (id, counter_frame_name, prize, counter_frame_type, floors) FROM stdin;
1	CAR & COUNTER WEIGHT GUIDE RAIL Â WITH HARDWARE 16 MM & 10 MM	3000	1	2
\.


--
-- TOC entry 5199 (class 0 OID 25271)
-- Dependencies: 284
-- Data for Name: tbl_counter_weight_hydraulic; Type: TABLE DATA; Schema: public; Owner: postgres
--

COPY public.tbl_counter_weight_hydraulic (id, counter_frame_name, prize, counter_frame_type, floors) FROM stdin;
1	HYDRALIC GUIDE RAIL A WITH HARDWARE 16 MM & 10 MM G+1	8500	1	3
\.


--
-- TOC entry 5165 (class 0 OID 24944)
-- Dependencies: 250
-- Data for Name: tbl_floor; Type: TABLE DATA; Schema: public; Owner: postgres
--

COPY public.tbl_floor (id, name) FROM stdin;
2	G+2
3	G+3
4	G+4
5	G+5
6	G+6
7	G+7
8	G+8
9	G+9
10	G+10
11	G+11
12	G+12
13	G+13
14	G+14
15	G+15
16	G+16
17	G+17
18	G+18
19	G+19
20	G+20
1	G+1
26	G+21
27	G+22
\.


--
-- TOC entry 5175 (class 0 OID 25035)
-- Dependencies: 260
-- Data for Name: tbl_governor_rope; Type: TABLE DATA; Schema: public; Owner: postgres
--

COPY public.tbl_governor_rope (id, governor_name, prize, quantity, floor_id) FROM stdin;
1	OVERSPEED GOVERNER SAFETY ROPE 8 MM G+1	5000	20 mts	1
2	OVERSPEED GOVERNER SAFETY ROPE 8 MM G+2	\N	20 mts	2
3	OVERSPEED GOVERNER SAFETY ROPE 8 MM G+3	\N	\N	3
4	OVERSPEED GOVERNER SAFETY ROPE 8 MM G+3	\N	\N	3
\.


--
-- TOC entry 5167 (class 0 OID 24979)
-- Dependencies: 252
-- Data for Name: tbl_harness; Type: TABLE DATA; Schema: public; Owner: postgres
--

COPY public.tbl_harness (harness_id, harness_name, harness_prize, floors) FROM stdin;
1	WIRING PLUGABLE HARNES FOR G+1111	1500	2
\.


--
-- TOC entry 5137 (class 0 OID 24632)
-- Dependencies: 222
-- Data for Name: tbl_landing_door_subtype; Type: TABLE DATA; Schema: public; Owner: postgres
--

COPY public.tbl_landing_door_subtype (id, name, prize, size, main_door_type, operator_type) FROM stdin;
2	COLLAPSIBLE MANUAL LANDING DOOR WITH DOOR FRAME 800 CLEAR OPENING	3501	800	2	2
\.


--
-- TOC entry 5135 (class 0 OID 24621)
-- Dependencies: 220
-- Data for Name: tbl_landing_door_type; Type: TABLE DATA; Schema: public; Owner: postgres
--

COPY public.tbl_landing_door_type (door_type_id, door_type, operator_type) FROM stdin;
2	Updated MANUAL TELESCOPIC M.S FINISH DOOR	2
\.


--
-- TOC entry 5177 (class 0 OID 25048)
-- Dependencies: 262
-- Data for Name: tbl_lop; Type: TABLE DATA; Schema: public; Owner: postgres
--

COPY public.tbl_lop (id, lop_name, prize, floors, lop_type) FROM stdin;
\.


--
-- TOC entry 5179 (class 0 OID 25055)
-- Dependencies: 264
-- Data for Name: tbl_lop_main; Type: TABLE DATA; Schema: public; Owner: postgres
--

COPY public.tbl_lop_main (id, lop_name, operator_type) FROM stdin;
1	Car Operating Panel....	2
\.


--
-- TOC entry 5161 (class 0 OID 24932)
-- Dependencies: 246
-- Data for Name: tbl_machine_room; Type: TABLE DATA; Schema: public; Owner: postgres
--

COPY public.tbl_machine_room (machine_room_id, machine_room_name) FROM stdin;
1	MACHINE ROOM
2	HYDRAULIC
3	MACHINE ROOM LESS
\.


--
-- TOC entry 5191 (class 0 OID 25159)
-- Dependencies: 276
-- Data for Name: tbl_new_counter_weight; Type: TABLE DATA; Schema: public; Owner: postgres
--

COPY public.tbl_new_counter_weight (id, new_counter_weight_name, prize, quantity, capacity_type, person_capacity_id, weight_id) FROM stdin;
3	COUNTER WEIGHT FOR 4 PASSENGER......	3880	200 kg	2	\N	1
1	COUNTER WEIGHT FOR 4 PASSENGER	5880	392 kg	1	2	\N
\.


--
-- TOC entry 5133 (class 0 OID 24615)
-- Dependencies: 218
-- Data for Name: tbl_operator_elevator; Type: TABLE DATA; Schema: public; Owner: postgres
--

COPY public.tbl_operator_elevator (id, name) FROM stdin;
2	ManualUpdate
\.


--
-- TOC entry 5181 (class 0 OID 25077)
-- Dependencies: 266
-- Data for Name: tbl_other_material; Type: TABLE DATA; Schema: public; Owner: postgres
--

COPY public.tbl_other_material (id, material_type, prize, quantity, floors, machine_room_id, operator_type, person_capacity_id) FROM stdin;
1	GEARED MACHINE UNIT 4 PASSENGERrrrrr	1500	10 pieces	4	3	2	2
\.


--
-- TOC entry 5149 (class 0 OID 24760)
-- Dependencies: 234
-- Data for Name: tbl_person_capacity; Type: TABLE DATA; Schema: public; Owner: postgres
--

COPY public.tbl_person_capacity (id, person_count, text, unit, weight) FROM stdin;
1	4	persons	Kg	272
2	8	persons	Kg	544
\.


--
-- TOC entry 5163 (class 0 OID 24938)
-- Dependencies: 248
-- Data for Name: tbl_type_of_lift; Type: TABLE DATA; Schema: public; Owner: postgres
--

COPY public.tbl_type_of_lift (lift_type_id, lift_type_name) FROM stdin;
1	GEARED
3	HYDRAULIC
2	GEAREDLESS
\.


--
-- TOC entry 5143 (class 0 OID 24717)
-- Dependencies: 228
-- Data for Name: tbl_weight; Type: TABLE DATA; Schema: public; Owner: postgres
--

COPY public.tbl_weight (id, unit, weight_value) FROM stdin;
1	Kg	200
2	Kg	400
\.


--
-- TOC entry 5195 (class 0 OID 25216)
-- Dependencies: 280
-- Data for Name: tbl_wire_rope; Type: TABLE DATA; Schema: public; Owner: postgres
--

COPY public.tbl_wire_rope (id, prize, wire_rop_name, wire_rope_qty, floors, operator_type, wire_rop_type) FROM stdin;
2	5000	WIRE ROPE 13 MM  FOR GEARED MACHINE 1 ST 1 ROPING G+8	20 meters	8	2	1
\.


--
-- TOC entry 5185 (class 0 OID 25124)
-- Dependencies: 270
-- Data for Name: tbl_wire_rope_main; Type: TABLE DATA; Schema: public; Owner: postgres
--

COPY public.tbl_wire_rope_main (id, prize, wire_rope_type, lift_type) FROM stdin;
1	4500	WIRE ROPE 13 MM FOR GEARED MACHINE 1 ST 1 ROPING	1
\.


--
-- TOC entry 5205 (class 0 OID 0)
-- Dependencies: 243
-- Name: tbl_air_system_air_system_id_seq; Type: SEQUENCE SET; Schema: public; Owner: postgres
--

SELECT pg_catalog.setval('public.tbl_air_system_air_system_id_seq', 4, true);


--
-- TOC entry 5206 (class 0 OID 0)
-- Dependencies: 241
-- Name: tbl_air_type_id_seq; Type: SEQUENCE SET; Schema: public; Owner: postgres
--

SELECT pg_catalog.setval('public.tbl_air_type_id_seq', 2, true);


--
-- TOC entry 5207 (class 0 OID 0)
-- Dependencies: 253
-- Name: tbl_ard_id_seq; Type: SEQUENCE SET; Schema: public; Owner: postgres
--

SELECT pg_catalog.setval('public.tbl_ard_id_seq', 2, true);


--
-- TOC entry 5208 (class 0 OID 0)
-- Dependencies: 257
-- Name: tbl_bracket_id_seq; Type: SEQUENCE SET; Schema: public; Owner: postgres
--

SELECT pg_catalog.setval('public.tbl_bracket_id_seq', 2, true);


--
-- TOC entry 5209 (class 0 OID 0)
-- Dependencies: 255
-- Name: tbl_bracket_type_id_seq; Type: SEQUENCE SET; Schema: public; Owner: postgres
--

SELECT pg_catalog.setval('public.tbl_bracket_type_id_seq', 5, true);


--
-- TOC entry 5210 (class 0 OID 0)
-- Dependencies: 239
-- Name: tbl_cabin_ceiling_ceiling_id_seq; Type: SEQUENCE SET; Schema: public; Owner: postgres
--

SELECT pg_catalog.setval('public.tbl_cabin_ceiling_ceiling_id_seq', 2, true);


--
-- TOC entry 5211 (class 0 OID 0)
-- Dependencies: 237
-- Name: tbl_cabin_flooring_flooring_id_seq; Type: SEQUENCE SET; Schema: public; Owner: postgres
--

SELECT pg_catalog.setval('public.tbl_cabin_flooring_flooring_id_seq', 2, true);


--
-- TOC entry 5212 (class 0 OID 0)
-- Dependencies: 235
-- Name: tbl_cabin_subtype_id_seq; Type: SEQUENCE SET; Schema: public; Owner: postgres
--

SELECT pg_catalog.setval('public.tbl_cabin_subtype_id_seq', 2, true);


--
-- TOC entry 5213 (class 0 OID 0)
-- Dependencies: 231
-- Name: tbl_cabin_type_id_seq; Type: SEQUENCE SET; Schema: public; Owner: postgres
--

SELECT pg_catalog.setval('public.tbl_cabin_type_id_seq', 1, true);


--
-- TOC entry 5214 (class 0 OID 0)
-- Dependencies: 229
-- Name: tbl_capacity_type_id_seq; Type: SEQUENCE SET; Schema: public; Owner: postgres
--

SELECT pg_catalog.setval('public.tbl_capacity_type_id_seq', 4, true);


--
-- TOC entry 5215 (class 0 OID 0)
-- Dependencies: 225
-- Name: tbl_car_door_subtype_id_seq; Type: SEQUENCE SET; Schema: public; Owner: postgres
--

SELECT pg_catalog.setval('public.tbl_car_door_subtype_id_seq', 2, true);


--
-- TOC entry 5216 (class 0 OID 0)
-- Dependencies: 223
-- Name: tbl_car_door_type_car_door_id_seq; Type: SEQUENCE SET; Schema: public; Owner: postgres
--

SELECT pg_catalog.setval('public.tbl_car_door_type_car_door_id_seq', 2, true);


--
-- TOC entry 5217 (class 0 OID 0)
-- Dependencies: 281
-- Name: tbl_control_panel_type_id_seq; Type: SEQUENCE SET; Schema: public; Owner: postgres
--

SELECT pg_catalog.setval('public.tbl_control_panel_type_id_seq', 3, true);


--
-- TOC entry 5218 (class 0 OID 0)
-- Dependencies: 267
-- Name: tbl_cop_id_seq; Type: SEQUENCE SET; Schema: public; Owner: postgres
--

SELECT pg_catalog.setval('public.tbl_cop_id_seq', 1, true);


--
-- TOC entry 5219 (class 0 OID 0)
-- Dependencies: 277
-- Name: tbl_counter_frame_id_seq; Type: SEQUENCE SET; Schema: public; Owner: postgres
--

SELECT pg_catalog.setval('public.tbl_counter_frame_id_seq', 3, true);


--
-- TOC entry 5220 (class 0 OID 0)
-- Dependencies: 271
-- Name: tbl_counter_frame_type_id_seq; Type: SEQUENCE SET; Schema: public; Owner: postgres
--

SELECT pg_catalog.setval('public.tbl_counter_frame_type_id_seq', 2, true);


--
-- TOC entry 5221 (class 0 OID 0)
-- Dependencies: 283
-- Name: tbl_counter_weight_hydraulic_id_seq; Type: SEQUENCE SET; Schema: public; Owner: postgres
--

SELECT pg_catalog.setval('public.tbl_counter_weight_hydraulic_id_seq', 1, true);


--
-- TOC entry 5222 (class 0 OID 0)
-- Dependencies: 273
-- Name: tbl_counter_weight_id_seq; Type: SEQUENCE SET; Schema: public; Owner: postgres
--

SELECT pg_catalog.setval('public.tbl_counter_weight_id_seq', 1, true);


--
-- TOC entry 5223 (class 0 OID 0)
-- Dependencies: 249
-- Name: tbl_floor_id_seq; Type: SEQUENCE SET; Schema: public; Owner: postgres
--

SELECT pg_catalog.setval('public.tbl_floor_id_seq', 27, true);


--
-- TOC entry 5224 (class 0 OID 0)
-- Dependencies: 259
-- Name: tbl_governor_rope_id_seq; Type: SEQUENCE SET; Schema: public; Owner: postgres
--

SELECT pg_catalog.setval('public.tbl_governor_rope_id_seq', 4, true);


--
-- TOC entry 5225 (class 0 OID 0)
-- Dependencies: 251
-- Name: tbl_harness_harness_id_seq; Type: SEQUENCE SET; Schema: public; Owner: postgres
--

SELECT pg_catalog.setval('public.tbl_harness_harness_id_seq', 1, true);


--
-- TOC entry 5226 (class 0 OID 0)
-- Dependencies: 221
-- Name: tbl_landing_door_subtype_id_seq; Type: SEQUENCE SET; Schema: public; Owner: postgres
--

SELECT pg_catalog.setval('public.tbl_landing_door_subtype_id_seq', 2, true);


--
-- TOC entry 5227 (class 0 OID 0)
-- Dependencies: 219
-- Name: tbl_landing_door_type_door_type_id_seq; Type: SEQUENCE SET; Schema: public; Owner: postgres
--

SELECT pg_catalog.setval('public.tbl_landing_door_type_door_type_id_seq', 2, true);


--
-- TOC entry 5228 (class 0 OID 0)
-- Dependencies: 261
-- Name: tbl_lop_id_seq; Type: SEQUENCE SET; Schema: public; Owner: postgres
--

SELECT pg_catalog.setval('public.tbl_lop_id_seq', 1, true);


--
-- TOC entry 5229 (class 0 OID 0)
-- Dependencies: 263
-- Name: tbl_lop_main_id_seq; Type: SEQUENCE SET; Schema: public; Owner: postgres
--

SELECT pg_catalog.setval('public.tbl_lop_main_id_seq', 1, true);


--
-- TOC entry 5230 (class 0 OID 0)
-- Dependencies: 245
-- Name: tbl_machine_room_machine_room_id_seq; Type: SEQUENCE SET; Schema: public; Owner: postgres
--

SELECT pg_catalog.setval('public.tbl_machine_room_machine_room_id_seq', 3, true);


--
-- TOC entry 5231 (class 0 OID 0)
-- Dependencies: 275
-- Name: tbl_new_counter_weight_id_seq; Type: SEQUENCE SET; Schema: public; Owner: postgres
--

SELECT pg_catalog.setval('public.tbl_new_counter_weight_id_seq', 3, true);


--
-- TOC entry 5232 (class 0 OID 0)
-- Dependencies: 217
-- Name: tbl_operator_elevator_id_seq; Type: SEQUENCE SET; Schema: public; Owner: postgres
--

SELECT pg_catalog.setval('public.tbl_operator_elevator_id_seq', 2, true);


--
-- TOC entry 5233 (class 0 OID 0)
-- Dependencies: 265
-- Name: tbl_other_material_id_seq; Type: SEQUENCE SET; Schema: public; Owner: postgres
--

SELECT pg_catalog.setval('public.tbl_other_material_id_seq', 1, true);


--
-- TOC entry 5234 (class 0 OID 0)
-- Dependencies: 233
-- Name: tbl_person_capacity_id_seq; Type: SEQUENCE SET; Schema: public; Owner: postgres
--

SELECT pg_catalog.setval('public.tbl_person_capacity_id_seq', 2, true);


--
-- TOC entry 5235 (class 0 OID 0)
-- Dependencies: 247
-- Name: tbl_type_of_lift_lift_type_id_seq; Type: SEQUENCE SET; Schema: public; Owner: postgres
--

SELECT pg_catalog.setval('public.tbl_type_of_lift_lift_type_id_seq', 3, true);


--
-- TOC entry 5236 (class 0 OID 0)
-- Dependencies: 227
-- Name: tbl_weight_id_seq; Type: SEQUENCE SET; Schema: public; Owner: postgres
--

SELECT pg_catalog.setval('public.tbl_weight_id_seq', 2, true);


--
-- TOC entry 5237 (class 0 OID 0)
-- Dependencies: 279
-- Name: tbl_wire_rope_id_seq; Type: SEQUENCE SET; Schema: public; Owner: postgres
--

SELECT pg_catalog.setval('public.tbl_wire_rope_id_seq', 2, true);


--
-- TOC entry 5238 (class 0 OID 0)
-- Dependencies: 269
-- Name: tbl_wire_rope_main_id_seq; Type: SEQUENCE SET; Schema: public; Owner: postgres
--

SELECT pg_catalog.setval('public.tbl_wire_rope_main_id_seq', 1, true);


--
-- TOC entry 4895 (class 2606 OID 24910)
-- Name: tbl_air_system tbl_air_system_pkey; Type: CONSTRAINT; Schema: public; Owner: postgres
--

ALTER TABLE ONLY public.tbl_air_system
    ADD CONSTRAINT tbl_air_system_pkey PRIMARY KEY (air_system_id);


--
-- TOC entry 4893 (class 2606 OID 24873)
-- Name: tbl_air_type tbl_air_type_pkey; Type: CONSTRAINT; Schema: public; Owner: postgres
--

ALTER TABLE ONLY public.tbl_air_type
    ADD CONSTRAINT tbl_air_type_pkey PRIMARY KEY (id);


--
-- TOC entry 4905 (class 2606 OID 24994)
-- Name: tbl_ard tbl_ard_pkey; Type: CONSTRAINT; Schema: public; Owner: postgres
--

ALTER TABLE ONLY public.tbl_ard
    ADD CONSTRAINT tbl_ard_pkey PRIMARY KEY (id);


--
-- TOC entry 4909 (class 2606 OID 25023)
-- Name: tbl_bracket tbl_bracket_pkey; Type: CONSTRAINT; Schema: public; Owner: postgres
--

ALTER TABLE ONLY public.tbl_bracket
    ADD CONSTRAINT tbl_bracket_pkey PRIMARY KEY (id);


--
-- TOC entry 4907 (class 2606 OID 25015)
-- Name: tbl_bracket_type tbl_bracket_type_pkey; Type: CONSTRAINT; Schema: public; Owner: postgres
--

ALTER TABLE ONLY public.tbl_bracket_type
    ADD CONSTRAINT tbl_bracket_type_pkey PRIMARY KEY (id);


--
-- TOC entry 4891 (class 2606 OID 24841)
-- Name: tbl_cabin_ceiling tbl_cabin_ceiling_pkey; Type: CONSTRAINT; Schema: public; Owner: postgres
--

ALTER TABLE ONLY public.tbl_cabin_ceiling
    ADD CONSTRAINT tbl_cabin_ceiling_pkey PRIMARY KEY (ceiling_id);


--
-- TOC entry 4889 (class 2606 OID 24835)
-- Name: tbl_cabin_flooring tbl_cabin_flooring_pkey; Type: CONSTRAINT; Schema: public; Owner: postgres
--

ALTER TABLE ONLY public.tbl_cabin_flooring
    ADD CONSTRAINT tbl_cabin_flooring_pkey PRIMARY KEY (flooring_id);


--
-- TOC entry 4887 (class 2606 OID 24803)
-- Name: tbl_cabin_subtype tbl_cabin_subtype_pkey; Type: CONSTRAINT; Schema: public; Owner: postgres
--

ALTER TABLE ONLY public.tbl_cabin_subtype
    ADD CONSTRAINT tbl_cabin_subtype_pkey PRIMARY KEY (id);


--
-- TOC entry 4883 (class 2606 OID 24749)
-- Name: tbl_cabin_type tbl_cabin_type_pkey; Type: CONSTRAINT; Schema: public; Owner: postgres
--

ALTER TABLE ONLY public.tbl_cabin_type
    ADD CONSTRAINT tbl_cabin_type_pkey PRIMARY KEY (id);


--
-- TOC entry 4881 (class 2606 OID 24731)
-- Name: tbl_capacity_type tbl_capacity_type_pkey; Type: CONSTRAINT; Schema: public; Owner: postgres
--

ALTER TABLE ONLY public.tbl_capacity_type
    ADD CONSTRAINT tbl_capacity_type_pkey PRIMARY KEY (id);


--
-- TOC entry 4877 (class 2606 OID 24674)
-- Name: tbl_car_door_subtype tbl_car_door_subtype_pkey; Type: CONSTRAINT; Schema: public; Owner: postgres
--

ALTER TABLE ONLY public.tbl_car_door_subtype
    ADD CONSTRAINT tbl_car_door_subtype_pkey PRIMARY KEY (id);


--
-- TOC entry 4875 (class 2606 OID 24663)
-- Name: tbl_car_door_type tbl_car_door_type_pkey; Type: CONSTRAINT; Schema: public; Owner: postgres
--

ALTER TABLE ONLY public.tbl_car_door_type
    ADD CONSTRAINT tbl_car_door_type_pkey PRIMARY KEY (car_door_id);


--
-- TOC entry 4933 (class 2606 OID 25244)
-- Name: tbl_control_panel_type tbl_control_panel_type_pkey; Type: CONSTRAINT; Schema: public; Owner: postgres
--

ALTER TABLE ONLY public.tbl_control_panel_type
    ADD CONSTRAINT tbl_control_panel_type_pkey PRIMARY KEY (id);


--
-- TOC entry 4919 (class 2606 OID 25112)
-- Name: tbl_cop tbl_cop_pkey; Type: CONSTRAINT; Schema: public; Owner: postgres
--

ALTER TABLE ONLY public.tbl_cop
    ADD CONSTRAINT tbl_cop_pkey PRIMARY KEY (id);


--
-- TOC entry 4929 (class 2606 OID 25188)
-- Name: tbl_counter_frame tbl_counter_frame_pkey; Type: CONSTRAINT; Schema: public; Owner: postgres
--

ALTER TABLE ONLY public.tbl_counter_frame
    ADD CONSTRAINT tbl_counter_frame_pkey PRIMARY KEY (id);


--
-- TOC entry 4923 (class 2606 OID 25140)
-- Name: tbl_counter_frame_type tbl_counter_frame_type_pkey; Type: CONSTRAINT; Schema: public; Owner: postgres
--

ALTER TABLE ONLY public.tbl_counter_frame_type
    ADD CONSTRAINT tbl_counter_frame_type_pkey PRIMARY KEY (id);


--
-- TOC entry 4935 (class 2606 OID 25276)
-- Name: tbl_counter_weight_hydraulic tbl_counter_weight_hydraulic_pkey; Type: CONSTRAINT; Schema: public; Owner: postgres
--

ALTER TABLE ONLY public.tbl_counter_weight_hydraulic
    ADD CONSTRAINT tbl_counter_weight_hydraulic_pkey PRIMARY KEY (id);


--
-- TOC entry 4925 (class 2606 OID 25147)
-- Name: tbl_counter_weight tbl_counter_weight_pkey; Type: CONSTRAINT; Schema: public; Owner: postgres
--

ALTER TABLE ONLY public.tbl_counter_weight
    ADD CONSTRAINT tbl_counter_weight_pkey PRIMARY KEY (id);


--
-- TOC entry 4901 (class 2606 OID 24948)
-- Name: tbl_floor tbl_floor_pkey; Type: CONSTRAINT; Schema: public; Owner: postgres
--

ALTER TABLE ONLY public.tbl_floor
    ADD CONSTRAINT tbl_floor_pkey PRIMARY KEY (id);


--
-- TOC entry 4911 (class 2606 OID 25041)
-- Name: tbl_governor_rope tbl_governor_rope_pkey; Type: CONSTRAINT; Schema: public; Owner: postgres
--

ALTER TABLE ONLY public.tbl_governor_rope
    ADD CONSTRAINT tbl_governor_rope_pkey PRIMARY KEY (id);


--
-- TOC entry 4903 (class 2606 OID 24983)
-- Name: tbl_harness tbl_harness_pkey; Type: CONSTRAINT; Schema: public; Owner: postgres
--

ALTER TABLE ONLY public.tbl_harness
    ADD CONSTRAINT tbl_harness_pkey PRIMARY KEY (harness_id);


--
-- TOC entry 4873 (class 2606 OID 24636)
-- Name: tbl_landing_door_subtype tbl_landing_door_subtype_pkey; Type: CONSTRAINT; Schema: public; Owner: postgres
--

ALTER TABLE ONLY public.tbl_landing_door_subtype
    ADD CONSTRAINT tbl_landing_door_subtype_pkey PRIMARY KEY (id);


--
-- TOC entry 4871 (class 2606 OID 24625)
-- Name: tbl_landing_door_type tbl_landing_door_type_pkey; Type: CONSTRAINT; Schema: public; Owner: postgres
--

ALTER TABLE ONLY public.tbl_landing_door_type
    ADD CONSTRAINT tbl_landing_door_type_pkey PRIMARY KEY (door_type_id);


--
-- TOC entry 4915 (class 2606 OID 25059)
-- Name: tbl_lop_main tbl_lop_main_pkey; Type: CONSTRAINT; Schema: public; Owner: postgres
--

ALTER TABLE ONLY public.tbl_lop_main
    ADD CONSTRAINT tbl_lop_main_pkey PRIMARY KEY (id);


--
-- TOC entry 4913 (class 2606 OID 25053)
-- Name: tbl_lop tbl_lop_pkey; Type: CONSTRAINT; Schema: public; Owner: postgres
--

ALTER TABLE ONLY public.tbl_lop
    ADD CONSTRAINT tbl_lop_pkey PRIMARY KEY (id);


--
-- TOC entry 4897 (class 2606 OID 24936)
-- Name: tbl_machine_room tbl_machine_room_pkey; Type: CONSTRAINT; Schema: public; Owner: postgres
--

ALTER TABLE ONLY public.tbl_machine_room
    ADD CONSTRAINT tbl_machine_room_pkey PRIMARY KEY (machine_room_id);


--
-- TOC entry 4927 (class 2606 OID 25166)
-- Name: tbl_new_counter_weight tbl_new_counter_weight_pkey; Type: CONSTRAINT; Schema: public; Owner: postgres
--

ALTER TABLE ONLY public.tbl_new_counter_weight
    ADD CONSTRAINT tbl_new_counter_weight_pkey PRIMARY KEY (id);


--
-- TOC entry 4869 (class 2606 OID 24619)
-- Name: tbl_operator_elevator tbl_operator_elevator_pkey; Type: CONSTRAINT; Schema: public; Owner: postgres
--

ALTER TABLE ONLY public.tbl_operator_elevator
    ADD CONSTRAINT tbl_operator_elevator_pkey PRIMARY KEY (id);


--
-- TOC entry 4917 (class 2606 OID 25084)
-- Name: tbl_other_material tbl_other_material_pkey; Type: CONSTRAINT; Schema: public; Owner: postgres
--

ALTER TABLE ONLY public.tbl_other_material
    ADD CONSTRAINT tbl_other_material_pkey PRIMARY KEY (id);


--
-- TOC entry 4885 (class 2606 OID 24766)
-- Name: tbl_person_capacity tbl_person_capacity_pkey; Type: CONSTRAINT; Schema: public; Owner: postgres
--

ALTER TABLE ONLY public.tbl_person_capacity
    ADD CONSTRAINT tbl_person_capacity_pkey PRIMARY KEY (id);


--
-- TOC entry 4899 (class 2606 OID 24942)
-- Name: tbl_type_of_lift tbl_type_of_lift_pkey; Type: CONSTRAINT; Schema: public; Owner: postgres
--

ALTER TABLE ONLY public.tbl_type_of_lift
    ADD CONSTRAINT tbl_type_of_lift_pkey PRIMARY KEY (lift_type_id);


--
-- TOC entry 4879 (class 2606 OID 24721)
-- Name: tbl_weight tbl_weight_pkey; Type: CONSTRAINT; Schema: public; Owner: postgres
--

ALTER TABLE ONLY public.tbl_weight
    ADD CONSTRAINT tbl_weight_pkey PRIMARY KEY (id);


--
-- TOC entry 4921 (class 2606 OID 25129)
-- Name: tbl_wire_rope_main tbl_wire_rope_main_pkey; Type: CONSTRAINT; Schema: public; Owner: postgres
--

ALTER TABLE ONLY public.tbl_wire_rope_main
    ADD CONSTRAINT tbl_wire_rope_main_pkey PRIMARY KEY (id);


--
-- TOC entry 4931 (class 2606 OID 25223)
-- Name: tbl_wire_rope tbl_wire_rope_pkey; Type: CONSTRAINT; Schema: public; Owner: postgres
--

ALTER TABLE ONLY public.tbl_wire_rope
    ADD CONSTRAINT tbl_wire_rope_pkey PRIMARY KEY (id);


--
-- TOC entry 4980 (class 2606 OID 25260)
-- Name: tbl_control_panel_type fk20tjxfl71lqw62u6e3gd88872; Type: FK CONSTRAINT; Schema: public; Owner: postgres
--

ALTER TABLE ONLY public.tbl_control_panel_type
    ADD CONSTRAINT fk20tjxfl71lqw62u6e3gd88872 FOREIGN KEY (person_capacity_id) REFERENCES public.tbl_person_capacity(id);


--
-- TOC entry 4981 (class 2606 OID 25250)
-- Name: tbl_control_panel_type fk2i60lqwyd3px9yfrpi0podo8r; Type: FK CONSTRAINT; Schema: public; Owner: postgres
--

ALTER TABLE ONLY public.tbl_control_panel_type
    ADD CONSTRAINT fk2i60lqwyd3px9yfrpi0podo8r FOREIGN KEY (material_type) REFERENCES public.tbl_type_of_lift(lift_type_id);


--
-- TOC entry 4977 (class 2606 OID 25229)
-- Name: tbl_wire_rope fk2niyrx6n9sa9twd5ius0yu2u8; Type: FK CONSTRAINT; Schema: public; Owner: postgres
--

ALTER TABLE ONLY public.tbl_wire_rope
    ADD CONSTRAINT fk2niyrx6n9sa9twd5ius0yu2u8 FOREIGN KEY (operator_type) REFERENCES public.tbl_operator_elevator(id);


--
-- TOC entry 4972 (class 2606 OID 25194)
-- Name: tbl_counter_frame fk3gihh6jfa8fix6o14jyix43qc; Type: FK CONSTRAINT; Schema: public; Owner: postgres
--

ALTER TABLE ONLY public.tbl_counter_frame
    ADD CONSTRAINT fk3gihh6jfa8fix6o14jyix43qc FOREIGN KEY (counter_frame_type) REFERENCES public.tbl_counter_frame_type(id);


--
-- TOC entry 4956 (class 2606 OID 25042)
-- Name: tbl_governor_rope fk3i3853o06ub3ihonxrx94ab91; Type: FK CONSTRAINT; Schema: public; Owner: postgres
--

ALTER TABLE ONLY public.tbl_governor_rope
    ADD CONSTRAINT fk3i3853o06ub3ihonxrx94ab91 FOREIGN KEY (floor_id) REFERENCES public.tbl_floor(id);


--
-- TOC entry 4946 (class 2606 OID 24916)
-- Name: tbl_air_system fk4ix26o0fa31f37jeoaxcrfcc2; Type: FK CONSTRAINT; Schema: public; Owner: postgres
--

ALTER TABLE ONLY public.tbl_air_system
    ADD CONSTRAINT fk4ix26o0fa31f37jeoaxcrfcc2 FOREIGN KEY (capacity_type) REFERENCES public.tbl_capacity_type(id);


--
-- TOC entry 4936 (class 2606 OID 24626)
-- Name: tbl_landing_door_type fk4wfeo9xhr5au3ace837klfqaa; Type: FK CONSTRAINT; Schema: public; Owner: postgres
--

ALTER TABLE ONLY public.tbl_landing_door_type
    ADD CONSTRAINT fk4wfeo9xhr5au3ace837klfqaa FOREIGN KEY (operator_type) REFERENCES public.tbl_operator_elevator(id);


--
-- TOC entry 4985 (class 2606 OID 25282)
-- Name: tbl_counter_weight_hydraulic fk5oblv15famaam0y1rrhp05ujs; Type: FK CONSTRAINT; Schema: public; Owner: postgres
--

ALTER TABLE ONLY public.tbl_counter_weight_hydraulic
    ADD CONSTRAINT fk5oblv15famaam0y1rrhp05ujs FOREIGN KEY (floors) REFERENCES public.tbl_floor(id);


--
-- TOC entry 4942 (class 2606 OID 24814)
-- Name: tbl_cabin_subtype fk5x1wqju4mma957718c0lx9e; Type: FK CONSTRAINT; Schema: public; Owner: postgres
--

ALTER TABLE ONLY public.tbl_cabin_subtype
    ADD CONSTRAINT fk5x1wqju4mma957718c0lx9e FOREIGN KEY (person_capacity_id) REFERENCES public.tbl_person_capacity(id);


--
-- TOC entry 4957 (class 2606 OID 25065)
-- Name: tbl_lop fk6fa8ca8aloqysu7tsj5d7mjbj; Type: FK CONSTRAINT; Schema: public; Owner: postgres
--

ALTER TABLE ONLY public.tbl_lop
    ADD CONSTRAINT fk6fa8ca8aloqysu7tsj5d7mjbj FOREIGN KEY (lop_type) REFERENCES public.tbl_lop_main(id);


--
-- TOC entry 4943 (class 2606 OID 24809)
-- Name: tbl_cabin_subtype fk6kbnd6uwwnmym6vqtabg9tn5j; Type: FK CONSTRAINT; Schema: public; Owner: postgres
--

ALTER TABLE ONLY public.tbl_cabin_subtype
    ADD CONSTRAINT fk6kbnd6uwwnmym6vqtabg9tn5j FOREIGN KEY (capacity_type) REFERENCES public.tbl_capacity_type(id);


--
-- TOC entry 4986 (class 2606 OID 25277)
-- Name: tbl_counter_weight_hydraulic fk7qkvq8x95xpyumjif2039hsqw; Type: FK CONSTRAINT; Schema: public; Owner: postgres
--

ALTER TABLE ONLY public.tbl_counter_weight_hydraulic
    ADD CONSTRAINT fk7qkvq8x95xpyumjif2039hsqw FOREIGN KEY (counter_frame_type) REFERENCES public.tbl_counter_frame_type(id);


--
-- TOC entry 4947 (class 2606 OID 24921)
-- Name: tbl_air_system fk8m582t4cxruwjave2997pogpe; Type: FK CONSTRAINT; Schema: public; Owner: postgres
--

ALTER TABLE ONLY public.tbl_air_system
    ADD CONSTRAINT fk8m582t4cxruwjave2997pogpe FOREIGN KEY (person_capacity_id) REFERENCES public.tbl_person_capacity(id);


--
-- TOC entry 4951 (class 2606 OID 24995)
-- Name: tbl_ard fk99rx8xutj2c9501dln4vya49i; Type: FK CONSTRAINT; Schema: public; Owner: postgres
--

ALTER TABLE ONLY public.tbl_ard
    ADD CONSTRAINT fk99rx8xutj2c9501dln4vya49i FOREIGN KEY (capacity_type) REFERENCES public.tbl_capacity_type(id);


--
-- TOC entry 4969 (class 2606 OID 25167)
-- Name: tbl_new_counter_weight fk9yicaq92h4cfb789vay54svus; Type: FK CONSTRAINT; Schema: public; Owner: postgres
--

ALTER TABLE ONLY public.tbl_new_counter_weight
    ADD CONSTRAINT fk9yicaq92h4cfb789vay54svus FOREIGN KEY (capacity_type) REFERENCES public.tbl_capacity_type(id);


--
-- TOC entry 4937 (class 2606 OID 24642)
-- Name: tbl_landing_door_subtype fka0jmgfsqicnchxk1807aa80cs; Type: FK CONSTRAINT; Schema: public; Owner: postgres
--

ALTER TABLE ONLY public.tbl_landing_door_subtype
    ADD CONSTRAINT fka0jmgfsqicnchxk1807aa80cs FOREIGN KEY (operator_type) REFERENCES public.tbl_operator_elevator(id);


--
-- TOC entry 4982 (class 2606 OID 25265)
-- Name: tbl_control_panel_type fka1j2pphnx7wgpf77679qly2i6; Type: FK CONSTRAINT; Schema: public; Owner: postgres
--

ALTER TABLE ONLY public.tbl_control_panel_type
    ADD CONSTRAINT fka1j2pphnx7wgpf77679qly2i6 FOREIGN KEY (weight_id) REFERENCES public.tbl_weight(id);


--
-- TOC entry 4952 (class 2606 OID 25000)
-- Name: tbl_ard fka9h3lexcsaqfguohbq8xje68h; Type: FK CONSTRAINT; Schema: public; Owner: postgres
--

ALTER TABLE ONLY public.tbl_ard
    ADD CONSTRAINT fka9h3lexcsaqfguohbq8xje68h FOREIGN KEY (person_capacity_id) REFERENCES public.tbl_person_capacity(id);


--
-- TOC entry 4967 (class 2606 OID 25153)
-- Name: tbl_counter_weight fkbwuyb6aalgwd3nkktv7gkp2xv; Type: FK CONSTRAINT; Schema: public; Owner: postgres
--

ALTER TABLE ONLY public.tbl_counter_weight
    ADD CONSTRAINT fkbwuyb6aalgwd3nkktv7gkp2xv FOREIGN KEY (floors) REFERENCES public.tbl_floor(id);


--
-- TOC entry 4966 (class 2606 OID 25130)
-- Name: tbl_wire_rope_main fkee6h2lrqyual1hratkhibmgt3; Type: FK CONSTRAINT; Schema: public; Owner: postgres
--

ALTER TABLE ONLY public.tbl_wire_rope_main
    ADD CONSTRAINT fkee6h2lrqyual1hratkhibmgt3 FOREIGN KEY (lift_type) REFERENCES public.tbl_type_of_lift(lift_type_id);


--
-- TOC entry 4973 (class 2606 OID 25209)
-- Name: tbl_counter_frame fkehm9nnnnu9bp83fqfwr18j06; Type: FK CONSTRAINT; Schema: public; Owner: postgres
--

ALTER TABLE ONLY public.tbl_counter_frame
    ADD CONSTRAINT fkehm9nnnnu9bp83fqfwr18j06 FOREIGN KEY (weight_id) REFERENCES public.tbl_weight(id);


--
-- TOC entry 4960 (class 2606 OID 25095)
-- Name: tbl_other_material fkenycif4y9x28apr9sbkiu2xx7; Type: FK CONSTRAINT; Schema: public; Owner: postgres
--

ALTER TABLE ONLY public.tbl_other_material
    ADD CONSTRAINT fkenycif4y9x28apr9sbkiu2xx7 FOREIGN KEY (operator_type) REFERENCES public.tbl_operator_elevator(id);


--
-- TOC entry 4939 (class 2606 OID 24664)
-- Name: tbl_car_door_type fkfkb7j0fuyao7fmaru3qckc7rx; Type: FK CONSTRAINT; Schema: public; Owner: postgres
--

ALTER TABLE ONLY public.tbl_car_door_type
    ADD CONSTRAINT fkfkb7j0fuyao7fmaru3qckc7rx FOREIGN KEY (operator_type) REFERENCES public.tbl_operator_elevator(id);


--
-- TOC entry 4948 (class 2606 OID 24926)
-- Name: tbl_air_system fkfymew4yhopbgs34im33vawv3s; Type: FK CONSTRAINT; Schema: public; Owner: postgres
--

ALTER TABLE ONLY public.tbl_air_system
    ADD CONSTRAINT fkfymew4yhopbgs34im33vawv3s FOREIGN KEY (weight_id) REFERENCES public.tbl_weight(id);


--
-- TOC entry 4938 (class 2606 OID 24637)
-- Name: tbl_landing_door_subtype fkgeoa2bfm1y4k94a8s9lkc3v0t; Type: FK CONSTRAINT; Schema: public; Owner: postgres
--

ALTER TABLE ONLY public.tbl_landing_door_subtype
    ADD CONSTRAINT fkgeoa2bfm1y4k94a8s9lkc3v0t FOREIGN KEY (main_door_type) REFERENCES public.tbl_landing_door_type(door_type_id);


--
-- TOC entry 4964 (class 2606 OID 25118)
-- Name: tbl_cop fkh2aug8pc0lgcb9lvjbahoy7cw; Type: FK CONSTRAINT; Schema: public; Owner: postgres
--

ALTER TABLE ONLY public.tbl_cop
    ADD CONSTRAINT fkh2aug8pc0lgcb9lvjbahoy7cw FOREIGN KEY (operator_type) REFERENCES public.tbl_operator_elevator(id);


--
-- TOC entry 4978 (class 2606 OID 25234)
-- Name: tbl_wire_rope fkih145dcdnsghv8pkkvly2cka6; Type: FK CONSTRAINT; Schema: public; Owner: postgres
--

ALTER TABLE ONLY public.tbl_wire_rope
    ADD CONSTRAINT fkih145dcdnsghv8pkkvly2cka6 FOREIGN KEY (wire_rop_type) REFERENCES public.tbl_wire_rope_main(id);


--
-- TOC entry 4974 (class 2606 OID 25189)
-- Name: tbl_counter_frame fkiwwg32qsntrdbxobngiuam0jp; Type: FK CONSTRAINT; Schema: public; Owner: postgres
--

ALTER TABLE ONLY public.tbl_counter_frame
    ADD CONSTRAINT fkiwwg32qsntrdbxobngiuam0jp FOREIGN KEY (capacity_type) REFERENCES public.tbl_capacity_type(id);


--
-- TOC entry 4975 (class 2606 OID 25204)
-- Name: tbl_counter_frame fkj15l2oc1akuxdrtk1d54pfexc; Type: FK CONSTRAINT; Schema: public; Owner: postgres
--

ALTER TABLE ONLY public.tbl_counter_frame
    ADD CONSTRAINT fkj15l2oc1akuxdrtk1d54pfexc FOREIGN KEY (person_capacity_id) REFERENCES public.tbl_person_capacity(id);


--
-- TOC entry 4961 (class 2606 OID 25100)
-- Name: tbl_other_material fkjpx978l1c3ajxmjcko3bd070j; Type: FK CONSTRAINT; Schema: public; Owner: postgres
--

ALTER TABLE ONLY public.tbl_other_material
    ADD CONSTRAINT fkjpx978l1c3ajxmjcko3bd070j FOREIGN KEY (person_capacity_id) REFERENCES public.tbl_person_capacity(id);


--
-- TOC entry 4949 (class 2606 OID 24911)
-- Name: tbl_air_system fkk2fyupjkc9ktwjpl22o014b26; Type: FK CONSTRAINT; Schema: public; Owner: postgres
--

ALTER TABLE ONLY public.tbl_air_system
    ADD CONSTRAINT fkk2fyupjkc9ktwjpl22o014b26 FOREIGN KEY (air_type_id) REFERENCES public.tbl_air_type(id);


--
-- TOC entry 4970 (class 2606 OID 25172)
-- Name: tbl_new_counter_weight fkkw6bjf5b7tjsln9llg6cl1q5n; Type: FK CONSTRAINT; Schema: public; Owner: postgres
--

ALTER TABLE ONLY public.tbl_new_counter_weight
    ADD CONSTRAINT fkkw6bjf5b7tjsln9llg6cl1q5n FOREIGN KEY (person_capacity_id) REFERENCES public.tbl_person_capacity(id);


--
-- TOC entry 4962 (class 2606 OID 25090)
-- Name: tbl_other_material fkky1262s77f8lgw8qaoy3xq68i; Type: FK CONSTRAINT; Schema: public; Owner: postgres
--

ALTER TABLE ONLY public.tbl_other_material
    ADD CONSTRAINT fkky1262s77f8lgw8qaoy3xq68i FOREIGN KEY (machine_room_id) REFERENCES public.tbl_machine_room(machine_room_id);


--
-- TOC entry 4944 (class 2606 OID 24819)
-- Name: tbl_cabin_subtype fklnntennanvopg1rg0mgpuh6tj; Type: FK CONSTRAINT; Schema: public; Owner: postgres
--

ALTER TABLE ONLY public.tbl_cabin_subtype
    ADD CONSTRAINT fklnntennanvopg1rg0mgpuh6tj FOREIGN KEY (weight_id) REFERENCES public.tbl_weight(id);


--
-- TOC entry 4940 (class 2606 OID 24675)
-- Name: tbl_car_door_subtype fkm60veo04u00qhhjo5umrp8ho1; Type: FK CONSTRAINT; Schema: public; Owner: postgres
--

ALTER TABLE ONLY public.tbl_car_door_subtype
    ADD CONSTRAINT fkm60veo04u00qhhjo5umrp8ho1 FOREIGN KEY (car_door_type) REFERENCES public.tbl_car_door_type(car_door_id);


--
-- TOC entry 4968 (class 2606 OID 25148)
-- Name: tbl_counter_weight fkmka1o1glfhdysth2tiewms2or; Type: FK CONSTRAINT; Schema: public; Owner: postgres
--

ALTER TABLE ONLY public.tbl_counter_weight
    ADD CONSTRAINT fkmka1o1glfhdysth2tiewms2or FOREIGN KEY (counter_frame_type) REFERENCES public.tbl_counter_frame_type(id);


--
-- TOC entry 4979 (class 2606 OID 25224)
-- Name: tbl_wire_rope fknjyejhb0nipuxxfnw0e2hs7d9; Type: FK CONSTRAINT; Schema: public; Owner: postgres
--

ALTER TABLE ONLY public.tbl_wire_rope
    ADD CONSTRAINT fknjyejhb0nipuxxfnw0e2hs7d9 FOREIGN KEY (floors) REFERENCES public.tbl_floor(id);


--
-- TOC entry 4958 (class 2606 OID 25060)
-- Name: tbl_lop fkod183mi47yew3e6x381j2jh1d; Type: FK CONSTRAINT; Schema: public; Owner: postgres
--

ALTER TABLE ONLY public.tbl_lop
    ADD CONSTRAINT fkod183mi47yew3e6x381j2jh1d FOREIGN KEY (floors) REFERENCES public.tbl_floor(id);


--
-- TOC entry 4941 (class 2606 OID 24680)
-- Name: tbl_car_door_subtype fkp0fmqguyymc79kn5stsi1hjsw; Type: FK CONSTRAINT; Schema: public; Owner: postgres
--

ALTER TABLE ONLY public.tbl_car_door_subtype
    ADD CONSTRAINT fkp0fmqguyymc79kn5stsi1hjsw FOREIGN KEY (operator_type) REFERENCES public.tbl_operator_elevator(id);


--
-- TOC entry 4983 (class 2606 OID 25255)
-- Name: tbl_control_panel_type fkp6lka8elj5963hp57j8vkfqtm; Type: FK CONSTRAINT; Schema: public; Owner: postgres
--

ALTER TABLE ONLY public.tbl_control_panel_type
    ADD CONSTRAINT fkp6lka8elj5963hp57j8vkfqtm FOREIGN KEY (operator_type) REFERENCES public.tbl_operator_elevator(id);


--
-- TOC entry 4959 (class 2606 OID 25070)
-- Name: tbl_lop_main fkpgtv5gmbjk1avatm8fxm90xyq; Type: FK CONSTRAINT; Schema: public; Owner: postgres
--

ALTER TABLE ONLY public.tbl_lop_main
    ADD CONSTRAINT fkpgtv5gmbjk1avatm8fxm90xyq FOREIGN KEY (operator_type) REFERENCES public.tbl_operator_elevator(id);


--
-- TOC entry 4954 (class 2606 OID 25029)
-- Name: tbl_bracket fkpy9vtlhnjfgsjb8xd9euref4q; Type: FK CONSTRAINT; Schema: public; Owner: postgres
--

ALTER TABLE ONLY public.tbl_bracket
    ADD CONSTRAINT fkpy9vtlhnjfgsjb8xd9euref4q FOREIGN KEY (floor_id) REFERENCES public.tbl_floor(id);


--
-- TOC entry 4971 (class 2606 OID 25177)
-- Name: tbl_new_counter_weight fkpy9yl2lck5h6ok3xwff18pn3s; Type: FK CONSTRAINT; Schema: public; Owner: postgres
--

ALTER TABLE ONLY public.tbl_new_counter_weight
    ADD CONSTRAINT fkpy9yl2lck5h6ok3xwff18pn3s FOREIGN KEY (weight_id) REFERENCES public.tbl_weight(id);


--
-- TOC entry 4950 (class 2606 OID 24984)
-- Name: tbl_harness fkq1duher0hcv25f8wopgapib6e; Type: FK CONSTRAINT; Schema: public; Owner: postgres
--

ALTER TABLE ONLY public.tbl_harness
    ADD CONSTRAINT fkq1duher0hcv25f8wopgapib6e FOREIGN KEY (floors) REFERENCES public.tbl_floor(id);


--
-- TOC entry 4963 (class 2606 OID 25085)
-- Name: tbl_other_material fkq6i1oco5k2lfsqf588nws18kt; Type: FK CONSTRAINT; Schema: public; Owner: postgres
--

ALTER TABLE ONLY public.tbl_other_material
    ADD CONSTRAINT fkq6i1oco5k2lfsqf588nws18kt FOREIGN KEY (floors) REFERENCES public.tbl_floor(id);


--
-- TOC entry 4953 (class 2606 OID 25005)
-- Name: tbl_ard fkrn6cot0tyep29mprk1ke1en29; Type: FK CONSTRAINT; Schema: public; Owner: postgres
--

ALTER TABLE ONLY public.tbl_ard
    ADD CONSTRAINT fkrn6cot0tyep29mprk1ke1en29 FOREIGN KEY (weight_id) REFERENCES public.tbl_weight(id);


--
-- TOC entry 4965 (class 2606 OID 25113)
-- Name: tbl_cop fksbj6ij6vpt9v17j8pik7sy6lr; Type: FK CONSTRAINT; Schema: public; Owner: postgres
--

ALTER TABLE ONLY public.tbl_cop
    ADD CONSTRAINT fksbj6ij6vpt9v17j8pik7sy6lr FOREIGN KEY (floors) REFERENCES public.tbl_floor(id);


--
-- TOC entry 4984 (class 2606 OID 25245)
-- Name: tbl_control_panel_type fksm2whel7rfpspsn2tm2m5i1pd; Type: FK CONSTRAINT; Schema: public; Owner: postgres
--

ALTER TABLE ONLY public.tbl_control_panel_type
    ADD CONSTRAINT fksm2whel7rfpspsn2tm2m5i1pd FOREIGN KEY (capacity_type) REFERENCES public.tbl_capacity_type(id);


--
-- TOC entry 4976 (class 2606 OID 25199)
-- Name: tbl_counter_frame fktfklgmbf0w1fs1l7h2gv2ihnq; Type: FK CONSTRAINT; Schema: public; Owner: postgres
--

ALTER TABLE ONLY public.tbl_counter_frame
    ADD CONSTRAINT fktfklgmbf0w1fs1l7h2gv2ihnq FOREIGN KEY (operator_type) REFERENCES public.tbl_operator_elevator(id);


--
-- TOC entry 4955 (class 2606 OID 25024)
-- Name: tbl_bracket fkti8n7p1qye3rbqh8jjf0fncq; Type: FK CONSTRAINT; Schema: public; Owner: postgres
--

ALTER TABLE ONLY public.tbl_bracket
    ADD CONSTRAINT fkti8n7p1qye3rbqh8jjf0fncq FOREIGN KEY (bracket_type) REFERENCES public.tbl_bracket_type(id);


--
-- TOC entry 4945 (class 2606 OID 24804)
-- Name: tbl_cabin_subtype fkxpvx4qsga5r0s8vl7ujnfc4x; Type: FK CONSTRAINT; Schema: public; Owner: postgres
--

ALTER TABLE ONLY public.tbl_cabin_subtype
    ADD CONSTRAINT fkxpvx4qsga5r0s8vl7ujnfc4x FOREIGN KEY (cabin_name) REFERENCES public.tbl_cabin_type(id);


-- Completed on 2025-06-27 17:03:21

--
-- PostgreSQL database dump complete
--

